file,total_users,age_mean,income_median,active_rate,high_value_ratio
part-00000.parquet,12500000,58.99214,497000.0,0.0,0.19926
part-00001.parquet,12500000,59.11139,502000.0,0.0,0.19985
part-00002.parquet,12500000,59.00057,497000.0,0.0,0.19926
part-00003.parquet,12500000,59.00504,497000.0,0.0,0.19908
part-00004.parquet,12500000,59.02155,499000.0,0.0,0.1995
part-00005.parquet,12500000,59.0904,500000.0,0.0,0.19912
part-00006.parquet,12500000,59.02141,498000.0,0.0,0.19914
part-00007.parquet,12500000,58.89137,497000.0,0.0,0.19967
